"year","day_of_year","hour"
"2022","209","00"
"2022","209","01"
"2022","209","02"
"2022","209","03"
"2022","209","04"
"2022","209","05"
"2022","209","06"
"2022","209","07"
"2022","209","08"
"2022","209","09"
"2022","209","10"
"2022","209","11"
"2022","209","12"
"2022","209","13"
"2022","209","14"
"2022","209","15"
"2022","209","16"
"2022","209","17"
"2022","209","18"
"2022","209","19"
"2022","209","20"
"2022","209","21"
"2022","209","22"
"2022","209","23"
"2022","210","00"
"2022","210","01"
"2022","210","02"
"2022","210","03"
"2022","210","04"
"2022","210","05"
"2022","210","06"
"2022","210","07"
"2022","210","08"
"2022","210","09"
"2022","210","10"
"2022","210","11"
"2022","210","12"
"2022","210","13"
"2022","210","14"
"2022","210","15"
"2022","213","17"
"2022","213","18"
"2022","213","19"
"2022","213","20"
"2022","213","21"
"2022","213","22"
"2022","213","23"
"2022","214","00"
"2022","214","01"
"2022","214","02"
"2022","214","03"
"2022","214","04"
"2022","214","05"
"2022","214","06"
"2022","214","07"
"2022","214","08"
"2022","214","09"
"2022","214","10"
"2022","214","11"
"2022","214","12"
"2022","214","13"
"2022","214","14"
"2022","214","15"
"2022","214","16"
"2022","214","17"
"2022","214","18"
"2022","214","19"
"2022","214","20"
"2022","214","21"
"2022","214","22"
"2022","214","23"
"2022","215","00"
"2022","215","01"
"2022","215","02"
"2022","215","03"
"2022","215","04"
"2022","215","05"
"2022","215","06"
"2022","215","07"
"2022","215","08"
"2022","215","09"
"2022","215","10"
"2022","215","11"
"2022","215","12"
"2022","215","13"
"2022","215","14"
"2022","215","15"
"2022","215","16"
"2022","215","17"
"2022","215","18"
"2022","215","19"
"2022","215","20"
"2022","215","21"
"2022","215","22"
"2022","215","23"
"2022","216","00"
"2022","216","01"
"2022","216","02"
"2022","216","03"
"2022","216","04"
"2022","216","05"
"2022","216","06"
"2022","216","07"
"2022","216","08"
"2022","216","09"
"2022","216","10"
"2022","216","11"
"2022","216","12"
"2022","216","13"
"2022","216","14"
"2022","216","15"
"2022","216","16"
"2022","216","17"
"2022","216","18"
"2022","216","19"
"2022","216","20"
"2022","216","21"
"2022","216","22"
"2022","216","23"
"2022","217","00"
"2022","217","01"
"2022","217","02"
"2022","217","03"
"2022","217","04"
"2022","217","05"
"2022","217","06"
"2022","217","07"
"2022","217","08"
"2022","217","09"
"2022","217","10"
"2022","217","11"
"2022","217","12"
"2022","217","13"
"2022","217","14"
"2022","217","15"
"2022","217","16"
"2022","217","17"
"2022","217","18"
"2022","217","19"
"2022","217","20"
"2022","217","21"
"2022","217","22"
"2022","217","23"
"2022","218","00"
"2022","218","01"
"2022","218","02"
"2022","218","03"
"2022","218","04"
"2022","218","05"
"2022","218","06"
"2022","218","07"
"2022","218","08"
"2022","218","09"
"2022","218","10"
"2022","218","11"
"2022","218","12"
"2022","218","13"
"2022","218","14"
"2022","218","15"
"2022","218","16"
"2022","218","17"
"2022","218","18"
"2022","218","19"
"2022","218","20"
"2022","218","21"
"2022","218","22"
"2022","218","23"
"2022","219","00"
"2022","219","01"
"2022","219","02"
"2022","219","03"
"2022","219","04"
"2022","219","05"
"2022","219","06"
"2022","219","07"
"2022","219","08"
"2022","219","09"
"2022","219","10"
"2022","219","11"
"2022","219","12"
"2022","219","13"
"2022","219","14"
"2022","219","15"
"2022","219","16"
"2022","219","17"
"2022","219","18"
"2022","219","19"
"2022","219","20"
"2022","219","21"
"2022","219","22"
"2022","219","23"
"2022","220","00"
"2022","220","01"
"2022","220","02"
"2022","220","03"
"2022","220","04"
"2022","220","05"
"2022","220","06"
"2022","220","07"
"2022","220","08"
"2022","220","09"
"2022","220","10"
"2022","220","11"
"2022","220","12"
"2022","220","13"
"2022","220","14"
"2022","220","15"
"2022","220","16"
"2022","220","17"
"2022","220","18"
"2022","220","19"
"2022","220","20"
"2022","220","21"
"2022","220","22"
"2022","220","23"
"2022","221","00"
"2022","221","01"
"2022","221","02"
"2022","221","03"
"2022","221","04"
"2022","221","05"
"2022","221","06"
"2022","221","07"
"2022","221","08"
"2022","221","09"
"2022","221","10"
"2022","221","11"
"2022","221","12"
"2022","221","13"
"2022","221","14"
"2022","221","15"
"2022","221","16"
"2022","221","17"
"2022","221","18"
"2022","221","19"
"2022","221","20"
"2022","221","21"
"2022","221","22"
"2022","221","23"
"2022","222","00"
"2022","222","01"
"2022","222","02"
"2022","222","03"
"2022","222","04"
"2022","222","05"
"2022","222","06"
"2022","222","07"
"2022","222","08"
"2022","222","09"
"2022","222","10"
"2022","222","11"
"2022","222","12"
"2022","222","13"
"2022","222","14"
"2022","222","15"
"2022","222","16"
"2022","222","17"
"2022","222","18"
"2022","222","19"
"2022","222","20"
"2022","222","21"
"2022","222","22"
"2022","222","23"
"2022","223","00"
"2022","223","01"
"2022","223","02"
"2022","223","03"
"2022","223","04"
"2022","223","05"
"2022","223","06"
"2022","223","07"
"2022","223","08"
"2022","223","09"
"2022","223","10"
"2022","223","11"
"2022","223","12"
"2022","223","13"
"2022","223","14"
"2022","223","15"
"2022","223","16"
"2022","223","17"
"2022","223","18"
"2022","223","19"
"2022","223","20"
"2022","223","21"
"2022","223","22"
"2022","223","23"
"2022","224","00"
"2022","224","01"
"2022","224","02"
"2022","224","03"
"2022","224","04"
"2022","224","05"
"2022","224","06"
"2022","224","07"
"2022","224","08"
"2022","224","09"
"2022","224","10"
"2022","224","11"
"2022","224","12"
"2022","224","13"
"2022","224","14"
"2022","224","15"
"2022","224","16"
"2022","224","17"
"2022","224","18"
"2022","224","19"
"2022","224","20"
"2022","224","21"
"2022","224","22"
"2022","224","23"
"2022","225","00"
"2022","225","01"
"2022","225","02"
"2022","225","03"
"2022","225","04"
"2022","225","05"
"2022","225","06"
"2022","225","07"
"2022","225","08"
"2022","225","09"
"2022","225","10"
"2022","225","11"
"2022","225","12"
"2022","225","13"
"2022","225","14"
"2022","225","15"
"2022","225","16"
"2022","225","17"
"2022","225","18"
"2022","225","19"
"2022","225","20"
"2022","225","21"
"2022","225","22"
"2022","225","23"
"2022","226","00"
"2022","226","01"
"2022","226","02"
"2022","226","03"
"2022","226","04"
"2022","226","05"
"2022","226","06"
"2022","226","07"
"2022","226","08"
"2022","226","09"
"2022","226","10"
"2022","226","11"
"2022","226","12"
"2022","226","13"
"2022","226","14"
"2022","226","15"
"2022","226","16"
"2022","226","17"
"2022","226","18"
"2022","226","19"
"2022","226","20"
"2022","226","21"
"2022","226","22"
"2022","226","23"
"2022","227","00"
"2022","227","01"
"2022","227","02"
"2022","227","03"
"2022","227","04"
"2022","227","05"
"2022","227","06"
"2022","227","07"
"2022","227","08"
"2022","227","09"
"2022","227","10"
"2022","227","11"
"2022","227","12"
"2022","227","13"
"2022","227","14"
"2022","227","15"
"2022","227","16"
"2022","227","17"
"2022","227","18"
"2022","227","19"
"2022","227","20"
"2022","227","21"
"2022","227","22"
"2022","227","23"
"2022","228","00"
"2022","228","01"
"2022","228","02"
"2022","228","03"
"2022","228","04"
"2022","228","05"
"2022","228","06"
"2022","228","07"
"2022","228","08"
"2022","228","09"
"2022","228","10"
"2022","228","11"
"2022","228","12"
"2022","228","13"
"2022","228","14"
"2022","228","15"
"2022","228","16"
"2022","228","17"
"2022","228","18"
"2022","228","19"
"2022","228","20"
"2022","228","21"
"2022","228","22"
"2022","228","23"
"2022","229","00"
"2022","229","01"
"2022","229","02"
"2022","229","03"
"2022","229","04"
"2022","229","05"
"2022","229","06"
"2022","229","07"
"2022","229","08"
"2022","229","09"
"2022","229","10"
"2022","229","11"
"2022","229","12"
"2022","229","13"
"2022","229","14"
"2022","229","15"
"2022","229","16"
"2022","229","17"
"2022","229","18"
"2022","229","19"
"2022","229","20"
"2022","229","21"
"2022","229","22"
"2022","229","23"
"2022","230","00"
"2022","230","01"
"2022","230","02"
"2022","230","03"
"2022","230","04"
"2022","230","05"
"2022","230","06"
"2022","230","07"
"2022","230","08"
"2022","230","09"
"2022","230","10"
"2022","230","11"
"2022","230","12"
"2022","230","13"
"2022","230","14"
"2022","230","15"
"2022","230","16"
"2022","230","17"
"2022","230","18"
"2022","230","19"
"2022","230","20"
"2022","230","21"
"2022","230","22"
"2022","230","23"
"2022","231","00"
"2022","231","01"
"2022","231","02"
"2022","231","03"
"2022","231","04"
"2022","231","05"
"2022","231","06"
"2022","231","07"
"2022","231","08"
"2022","231","09"
"2022","231","10"
"2022","231","11"
"2022","231","12"
"2022","231","13"
"2022","231","14"
"2022","231","15"
"2022","231","16"
"2022","231","17"
"2022","231","18"
"2022","231","19"
"2022","231","20"
"2022","231","21"
"2022","231","22"
"2022","231","23"
"2022","232","00"
"2022","232","01"
"2022","232","02"
"2022","232","03"
"2022","232","04"
"2022","232","05"
"2022","232","06"
"2022","232","07"
"2022","232","08"
"2022","232","09"
"2022","232","10"
"2022","232","11"
"2022","232","12"
"2022","232","13"
"2022","232","14"
"2022","232","15"
"2022","232","16"
"2022","232","17"
"2022","232","18"
"2022","232","19"
"2022","232","20"
"2022","232","21"
"2022","232","22"
"2022","232","23"
"2022","233","00"
"2022","233","01"
"2022","233","02"
"2022","233","03"
"2022","233","04"
"2022","233","05"
"2022","233","06"
"2022","233","07"
"2022","233","08"
"2022","233","09"
"2022","233","10"
"2022","233","11"
"2022","233","12"
"2022","233","13"
"2022","233","14"
"2022","233","15"
"2022","233","16"
"2022","233","17"
"2022","233","18"
"2022","233","19"
"2022","233","20"
"2022","233","21"
"2022","233","22"
"2022","233","23"
"2022","234","00"
"2022","234","01"
"2022","234","02"
"2022","234","03"
"2022","234","04"
"2022","234","05"
"2022","234","06"
"2022","234","07"
"2022","234","08"
"2022","234","09"
"2022","234","10"
"2022","234","11"
"2022","234","12"
"2022","234","13"
"2022","234","14"
"2022","234","15"
"2022","234","16"
"2022","234","17"
"2022","234","18"
"2022","234","19"
"2022","234","20"
"2022","234","21"
"2022","234","22"
"2022","234","23"
"2022","235","00"
"2022","235","01"
"2022","235","02"
"2022","235","03"
"2022","235","04"
"2022","235","05"
"2022","235","06"
"2022","235","07"
"2022","235","08"
"2022","235","09"
"2022","235","10"
"2022","235","11"
"2022","235","12"
"2022","235","13"
"2022","235","14"
"2022","235","15"
"2022","235","16"
"2022","235","17"
"2022","235","18"
"2022","235","19"
"2022","235","20"
"2022","235","21"
"2022","235","22"
"2022","235","23"
"2022","236","00"
"2022","236","01"
"2022","236","02"
"2022","236","03"
"2022","236","04"
"2022","236","05"
"2022","236","06"
"2022","236","07"
"2022","236","08"
"2022","236","09"
"2022","236","10"
"2022","236","11"
"2022","236","12"
"2022","236","13"
"2022","236","14"
"2022","236","15"
"2022","236","16"
"2022","236","17"
"2022","236","18"
"2022","236","19"
"2022","236","20"
"2022","236","21"
"2022","236","22"
"2022","236","23"
"2022","237","00"
"2022","237","01"
"2022","237","02"
"2022","237","03"
"2022","237","04"
"2022","237","05"
"2022","237","06"
"2022","237","07"
"2022","237","08"
"2022","237","09"
"2022","237","10"
"2022","237","11"
"2022","237","12"
"2022","237","13"
"2022","237","14"
"2022","237","15"
"2022","237","16"
"2022","237","17"
"2022","237","18"
"2022","237","19"
"2022","237","20"
"2022","237","21"
"2022","237","22"
"2022","237","23"
"2022","238","00"
"2022","238","01"
"2022","238","02"
"2022","238","03"
"2022","238","04"
"2022","238","05"
"2022","238","06"
"2022","238","07"
"2022","238","08"
"2022","238","09"
"2022","238","10"
"2022","238","11"
"2022","238","12"
"2022","238","13"
"2022","238","14"
"2022","238","15"
"2022","238","16"
"2022","238","17"
"2022","238","18"
"2022","238","19"
"2022","238","20"
"2022","238","21"
"2022","238","22"
"2022","238","23"
"2022","239","00"
"2022","239","01"
"2022","239","02"
"2022","239","03"
"2022","239","04"
"2022","239","05"
"2022","239","06"
"2022","239","07"
"2022","239","08"
"2022","239","09"
"2022","239","10"
"2022","239","11"
"2022","239","12"
"2022","239","13"
"2022","239","14"
"2022","239","15"
"2022","239","16"
"2022","239","17"
"2022","239","18"
"2022","239","19"
"2022","239","20"
"2022","239","21"
"2022","239","22"
"2022","239","23"
"2022","240","00"
"2022","240","01"
"2022","240","02"
"2022","240","03"
"2022","240","04"
"2022","240","05"
"2022","240","06"
"2022","240","07"
"2022","240","08"
"2022","240","09"
"2022","240","10"
"2022","240","11"
"2022","240","12"
"2022","240","13"
"2022","240","14"
"2022","240","15"
"2022","240","16"
"2022","240","17"
"2022","240","18"
"2022","240","19"
"2022","240","20"
"2022","240","21"
"2022","240","22"
"2022","240","23"
"2022","241","00"
"2022","241","01"
"2022","241","02"
"2022","241","03"
"2022","241","04"
"2022","241","05"
"2022","241","06"
"2022","241","07"
"2022","241","08"
"2022","241","09"
"2022","241","10"
"2022","241","11"
"2022","241","12"
"2022","241","13"
"2022","241","14"
"2022","241","15"
"2022","241","16"
"2022","241","17"
"2022","241","18"
"2022","241","19"
"2022","241","20"
"2022","241","21"
"2022","241","22"
"2022","241","23"
"2022","242","00"
"2022","242","01"
"2022","242","02"
"2022","242","03"
"2022","242","04"
"2022","242","05"
"2022","242","06"
"2022","242","07"
"2022","242","08"
"2022","242","09"
"2022","242","10"
"2022","242","11"
"2022","242","12"
"2022","242","13"
"2022","242","14"
"2022","242","15"
"2022","242","16"
"2022","242","17"
"2022","242","18"
"2022","242","19"
"2022","242","20"
"2022","242","21"
"2022","242","22"
"2022","242","23"
"2022","243","00"
"2022","243","01"
"2022","243","02"
"2022","243","03"
"2022","243","04"
"2022","243","05"
"2022","243","06"
"2022","243","07"
"2022","243","08"
"2022","243","09"
"2022","243","10"
"2022","243","11"
"2022","243","12"
"2022","243","13"
"2022","243","14"
"2022","243","15"
"2022","243","16"
"2022","243","17"
"2022","243","18"
"2022","243","19"
"2022","243","20"
"2022","243","21"
"2022","243","22"
"2022","243","23"
"2022","244","00"
"2022","244","01"
"2022","244","02"
"2022","244","03"
"2022","244","04"
"2022","244","05"
"2022","244","06"
"2022","244","07"
"2022","244","08"
"2022","244","09"
"2022","244","10"
"2022","244","11"
"2022","244","12"
"2022","244","13"
"2022","244","14"
"2022","244","15"
"2022","244","16"
"2022","244","17"
"2022","244","18"
"2022","244","19"
"2022","244","20"
"2022","244","21"
"2022","244","22"
"2022","244","23"
"2022","245","00"
"2022","245","01"
"2022","245","02"
"2022","245","03"
"2022","245","04"
"2022","245","05"
"2022","245","06"
"2022","245","07"
"2022","245","08"
"2022","245","09"
"2022","245","10"
"2022","245","11"
"2022","245","12"
"2022","245","13"
"2022","245","14"
"2022","245","15"
"2022","245","16"
"2022","245","17"
"2022","245","18"
"2022","245","19"
"2022","245","20"
"2022","245","21"
"2022","245","22"
"2022","245","23"
"2022","246","00"
"2022","246","01"
"2022","246","02"
"2022","246","03"
"2022","246","04"
"2022","246","05"
"2022","246","06"
"2022","246","07"
"2022","246","08"
"2022","246","09"
"2022","246","10"
"2022","246","11"
"2022","246","12"
"2022","246","13"
"2022","246","14"
"2022","246","15"
"2022","246","16"
"2022","246","17"
"2022","246","18"
"2022","246","19"
"2022","246","20"
"2022","246","21"
"2022","246","22"
"2022","246","23"
"2022","247","00"
"2022","247","01"
"2022","247","02"
"2022","247","03"
"2022","247","04"
"2022","247","05"
"2022","247","06"
"2022","247","07"
"2022","247","08"
"2022","247","09"
"2022","247","10"
"2022","247","11"
"2022","247","12"
"2022","247","13"
"2022","247","14"
"2022","247","15"
"2022","247","16"
"2022","247","17"
"2022","247","18"
"2022","247","19"
"2022","247","20"
"2022","247","21"
"2022","247","22"
"2022","247","23"
"2022","248","00"
"2022","248","01"
"2022","248","02"
"2022","248","03"
"2022","248","04"
"2022","248","05"
"2022","248","06"
"2022","248","07"
"2022","248","08"
"2022","248","09"
"2022","248","10"
"2022","248","11"
"2022","248","12"
"2022","248","13"
"2022","248","14"
"2022","248","15"
"2022","248","16"
"2022","248","17"
"2022","248","18"
"2022","248","19"
"2022","248","20"
"2022","248","21"
"2022","248","22"
"2022","248","23"
"2022","249","00"
"2022","249","01"
"2022","249","02"
"2022","249","03"
"2022","249","04"
"2022","249","05"
"2022","249","06"
"2022","249","07"
"2022","249","08"
"2022","249","09"
"2022","249","10"
"2022","249","11"
"2022","249","12"
"2022","249","13"
"2022","249","14"
"2022","249","15"
"2022","249","16"
"2022","249","17"
"2022","249","18"
"2022","249","19"
"2022","249","20"
"2022","249","21"
"2022","249","22"
"2022","249","23"
"2022","250","00"
"2022","250","01"
"2022","250","02"
"2022","250","03"
"2022","250","04"
"2022","250","05"
"2022","250","06"
"2022","250","07"
"2022","250","08"
"2022","250","09"
"2022","250","10"
"2022","250","11"
"2022","250","12"
"2022","250","13"
"2022","250","14"
"2022","250","15"
"2022","250","16"
"2022","250","17"
"2022","250","18"
"2022","250","19"
"2022","250","20"
"2022","250","21"
"2022","250","22"
"2022","250","23"
"2022","251","00"
"2022","251","01"
"2022","251","02"
"2022","251","03"
"2022","251","04"
"2022","251","05"
"2022","251","06"
"2022","251","07"
"2022","251","08"
"2022","251","09"
"2022","251","10"
"2022","251","11"
"2022","251","12"
"2022","251","13"
"2022","251","14"
"2022","251","15"
"2022","251","20"
"2022","251","21"
"2022","251","22"
"2022","251","23"
"2022","252","00"
"2022","252","01"
"2022","252","02"
"2022","252","03"
"2022","252","04"
"2022","252","05"
"2022","252","06"
"2022","252","07"
"2022","252","08"
"2022","252","09"
"2022","252","10"
"2022","252","11"
"2022","252","12"
"2022","252","13"
"2022","252","14"
"2022","252","15"
"2022","252","16"
"2022","252","17"
"2022","252","18"
"2022","252","19"
"2022","252","20"
"2022","252","21"
"2022","252","22"
"2022","252","23"
"2022","253","00"
"2022","253","01"
"2022","253","02"
"2022","253","03"
"2022","253","04"
"2022","253","05"
"2022","253","06"
"2022","253","07"
"2022","253","08"
"2022","253","09"
"2022","253","10"
"2022","253","11"
"2022","253","12"
"2022","253","13"
"2022","253","14"
"2022","253","15"
"2022","253","16"
"2022","253","17"
"2022","253","18"
"2022","253","19"
"2022","253","20"
"2022","253","21"
"2022","253","22"
"2022","253","23"
"2022","254","00"
"2022","254","01"
"2022","254","02"
"2022","254","03"
"2022","254","04"
"2022","254","05"
"2022","254","06"
"2022","254","07"
"2022","254","08"
"2022","254","09"
"2022","254","10"
"2022","254","11"
"2022","254","12"
"2022","254","13"
"2022","254","14"
"2022","254","15"
"2022","254","16"
"2022","254","17"
"2022","254","18"
"2022","254","19"
"2022","254","20"
"2022","254","21"
"2022","254","22"
"2022","254","23"
"2022","255","00"
"2022","255","01"
"2022","255","02"
"2022","255","03"
"2022","255","04"
"2022","255","05"
"2022","255","06"
"2022","255","07"
"2022","255","08"
"2022","255","09"
"2022","255","10"
"2022","255","11"
"2022","255","12"
"2022","255","13"
"2022","255","14"
"2022","255","15"
"2022","255","16"
"2022","255","17"
"2022","255","18"
"2022","255","19"
"2022","255","20"
"2022","255","21"
"2022","255","22"
"2022","255","23"
"2022","256","00"
"2022","256","01"
"2022","256","02"
"2022","256","03"
"2022","256","04"
"2022","256","05"
"2022","256","06"
"2022","256","07"
"2022","256","08"
"2022","256","09"
"2022","256","10"
"2022","256","21"
"2022","256","22"
"2022","256","23"
"2022","257","00"
"2022","257","01"
"2022","257","02"
"2022","257","03"
"2022","257","04"
"2022","257","05"
"2022","257","06"
"2022","257","07"
"2022","257","08"
"2022","257","09"
"2022","257","10"
"2022","257","11"
"2022","257","12"
"2022","257","13"
"2022","257","14"
"2022","257","15"
"2022","257","16"
"2022","257","17"
"2022","257","18"
"2022","257","19"
"2022","257","20"
"2022","257","21"
"2022","257","22"
"2022","257","23"
"2022","258","00"
"2022","258","01"
"2022","258","02"
"2022","258","03"
"2022","258","04"
"2022","258","05"
"2022","258","06"
"2022","258","07"
"2022","258","08"
"2022","258","09"
"2022","258","10"
"2022","258","11"
"2022","258","12"
"2022","258","13"
"2022","258","14"
"2022","258","15"
"2022","258","16"
"2022","258","17"
"2022","258","18"
"2022","258","19"
"2022","258","20"
"2022","258","21"
"2022","258","22"
"2022","258","23"
"2022","259","00"
"2022","259","01"
"2022","259","02"
"2022","259","03"
"2022","259","04"
"2022","259","05"
"2022","259","06"
"2022","259","07"
"2022","259","08"
"2022","259","09"
"2022","259","10"
"2022","259","11"
"2022","259","12"
"2022","259","13"
"2022","259","14"
"2022","259","15"
"2022","259","16"
"2022","259","17"
"2022","259","18"
"2022","259","19"
"2022","259","20"
"2022","259","21"
"2022","259","22"
"2022","259","23"
"2022","260","00"
"2022","260","01"
"2022","260","02"
"2022","260","03"
"2022","260","04"
"2022","260","05"
"2022","260","06"
"2022","260","07"
"2022","260","08"
"2022","260","09"
"2022","260","10"
"2022","260","11"
"2022","260","12"
"2022","260","13"
"2022","260","14"
"2022","260","15"
"2022","260","16"
"2022","260","17"
"2022","260","18"
"2022","260","19"
"2022","260","20"
"2022","260","21"
"2022","260","22"
"2022","260","23"
"2022","261","00"
"2022","261","01"
"2022","261","02"
"2022","261","03"
"2022","261","04"
"2022","261","05"
"2022","261","06"
"2022","261","07"
"2022","261","08"
"2022","261","09"
"2022","261","10"
"2022","261","11"
"2022","261","12"
"2022","261","13"
"2022","261","14"
"2022","261","15"
"2022","261","16"
"2022","261","17"
"2022","261","18"
"2022","261","19"
"2022","261","20"
"2022","261","21"
"2022","261","22"
"2022","261","23"
"2022","262","00"
"2022","262","01"
"2022","262","02"
"2022","262","03"
"2022","262","04"
"2022","262","05"
"2022","262","06"
"2022","262","07"
"2022","262","08"
"2022","262","09"
"2022","262","10"
"2022","262","11"
"2022","262","12"
"2022","262","13"
"2022","262","14"
"2022","262","15"
"2022","262","16"
"2022","262","17"
"2022","262","18"
"2022","262","19"
"2022","262","20"
"2022","262","21"
"2022","262","22"
"2022","262","23"
"2022","263","00"
"2022","263","01"
"2022","263","02"
"2022","263","03"
"2022","263","04"
"2022","263","05"
"2022","263","06"
"2022","263","07"
"2022","263","08"
"2022","263","09"
"2022","263","10"
"2022","263","13"
"2022","263","14"
"2022","263","15"
"2022","263","16"
"2022","263","17"
"2022","263","18"
"2022","263","19"
"2022","263","20"
"2022","263","21"
"2022","263","22"
"2022","263","23"
"2022","264","00"
"2022","264","01"
"2022","264","02"
"2022","264","03"
"2022","264","04"
"2022","264","05"
"2022","264","06"
"2022","264","07"
"2022","264","08"
"2022","264","09"
"2022","264","10"
"2022","264","11"
"2022","264","12"
"2022","264","13"
"2022","264","14"
"2022","264","16"
"2022","264","17"
"2022","264","18"
"2022","264","19"
"2022","264","20"
"2022","264","21"
"2022","264","22"
"2022","264","23"
"2022","265","00"
"2022","265","01"
"2022","265","02"
"2022","265","03"
"2022","265","04"
"2022","265","05"
"2022","265","06"
"2022","265","07"
"2022","265","08"
"2022","265","09"
"2022","265","10"
"2022","265","11"
"2022","265","12"
"2022","265","13"
"2022","265","14"
"2022","265","15"
"2022","265","16"
"2022","265","17"
"2022","265","18"
"2022","265","19"
"2022","265","20"
"2022","265","21"
"2022","265","22"
"2022","265","23"
"2022","266","00"
"2022","266","01"
"2022","266","02"
"2022","266","03"
"2022","266","04"
"2022","266","05"
"2022","266","06"
"2022","266","07"
"2022","266","08"
"2022","266","09"
"2022","266","10"
"2022","266","11"
"2022","266","12"
"2022","266","13"
"2022","266","14"
"2022","266","15"
"2022","266","16"
"2022","266","17"
"2022","266","18"
"2022","266","19"
"2022","266","20"
"2022","266","21"
"2022","266","22"
"2022","266","23"
"2022","267","00"
"2022","267","01"
"2022","267","02"
"2022","267","03"
"2022","267","04"
"2022","267","05"
"2022","267","06"
"2022","267","07"
"2022","267","08"
"2022","267","09"
"2022","267","10"
"2022","267","11"
"2022","267","12"
"2022","267","13"
"2022","267","14"
"2022","267","15"
"2022","267","16"
"2022","267","17"
"2022","267","18"
"2022","267","19"
"2022","267","20"
"2022","267","21"
"2022","267","22"
"2022","267","23"
"2022","268","00"
"2022","268","01"
"2022","268","02"
"2022","268","03"
"2022","268","04"
"2022","268","05"
"2022","268","06"
"2022","268","07"
"2022","268","08"
"2022","268","09"
"2022","268","10"
"2022","268","11"
"2022","268","12"
"2022","268","13"
"2022","268","14"
"2022","268","15"
"2022","268","16"
"2022","268","17"
"2022","268","18"
"2022","268","19"
"2022","268","20"
"2022","268","21"
"2022","268","22"
"2022","268","23"
"2022","269","00"
"2022","269","01"
"2022","269","02"
"2022","269","03"
"2022","269","04"
"2022","269","05"
"2022","269","06"
"2022","269","07"
"2022","269","08"
"2022","269","09"
"2022","269","10"
"2022","269","11"
"2022","269","12"
"2022","269","13"
"2022","269","14"
"2022","269","15"
"2022","269","16"
"2022","269","17"
"2022","269","18"
"2022","269","19"
"2022","269","20"
"2022","269","21"
"2022","269","22"
"2022","269","23"
"2022","270","00"
"2022","270","01"
"2022","270","02"
"2022","270","03"
"2022","270","04"
"2022","270","05"
"2022","270","06"
"2022","270","07"
"2022","270","08"
"2022","270","09"
"2022","270","10"
"2022","270","11"
"2022","270","12"
"2022","270","13"
"2022","270","14"
"2022","270","15"
"2022","270","16"
"2022","270","17"
"2022","270","18"
"2022","270","19"
"2022","270","20"
"2022","270","21"
"2022","270","22"
"2022","270","23"
"2022","271","00"
"2022","271","01"
"2022","271","02"
"2022","271","03"
"2022","271","04"
"2022","271","05"
"2022","271","06"
"2022","271","07"
"2022","271","08"
"2022","271","09"
"2022","271","10"
"2022","271","11"
"2022","271","12"
"2022","271","13"
"2022","271","14"
"2022","271","15"
"2022","271","16"
"2022","271","17"
"2022","271","18"
"2022","271","19"
"2022","271","20"
"2022","271","21"
"2022","271","22"
"2022","271","23"
"2022","272","00"
"2022","272","01"
"2022","272","02"
"2022","272","03"
"2022","272","04"
"2022","272","05"
"2022","272","06"
"2022","272","07"
"2022","272","08"
"2022","272","09"
"2022","272","10"
"2022","272","11"
"2022","272","12"
"2022","272","13"
"2022","272","14"
"2022","272","15"
"2022","272","16"
"2022","272","17"
"2022","272","18"
"2022","272","19"
"2022","272","20"
"2022","272","21"
"2022","272","22"
"2022","272","23"
"2022","273","00"
"2022","273","01"
"2022","273","02"
"2022","273","03"
"2022","273","04"
"2022","273","05"
"2022","273","06"
"2022","273","07"
"2022","273","08"
"2022","273","09"
"2022","273","10"
"2022","273","11"
"2022","273","12"
"2022","273","13"
"2022","273","14"
"2022","273","15"
"2022","273","16"
"2022","273","17"
"2022","273","18"
"2022","273","19"
"2022","273","20"
"2022","273","21"
"2022","273","22"
"2022","273","23"
"2022","274","00"
"2022","274","01"
"2022","274","02"
"2022","274","03"
"2022","274","04"
"2022","274","05"
"2022","274","06"
"2022","274","07"
"2022","274","08"
"2022","274","09"
"2022","274","10"
"2022","274","11"
"2022","274","12"
"2022","274","13"
"2022","274","14"
"2022","274","15"
"2022","274","16"
"2022","274","17"
"2022","274","18"
"2022","274","19"
"2022","274","20"
"2022","274","21"
"2022","274","22"
"2022","274","23"
"2022","275","00"
"2022","275","01"
"2022","275","02"
"2022","275","03"
"2022","275","04"
"2022","275","05"
"2022","275","06"
"2022","275","07"
"2022","275","08"
"2022","275","09"
"2022","275","10"
"2022","275","11"
"2022","275","12"
"2022","275","13"
"2022","275","14"
"2022","275","15"
"2022","275","16"
"2022","275","17"
"2022","275","18"
"2022","275","19"
"2022","275","20"
"2022","275","21"
"2022","275","22"
"2022","275","23"
"2022","276","00"
"2022","276","01"
"2022","276","02"
"2022","276","03"
"2022","276","04"
"2022","276","05"
"2022","276","06"
"2022","276","07"
"2022","276","08"
"2022","276","09"
"2022","276","10"
"2022","276","11"
"2022","276","12"
"2022","276","13"
"2022","276","14"
"2022","276","15"
"2022","276","16"
"2022","276","17"
"2022","276","18"
"2022","276","19"
"2022","276","20"
"2022","276","21"
"2022","276","22"
"2022","276","23"
"2022","277","00"
"2022","277","01"
"2022","277","02"
"2022","277","03"
"2022","277","04"
"2022","277","05"
"2022","277","06"
"2022","277","07"
"2022","277","08"
"2022","277","09"
"2022","277","10"
"2022","277","11"
"2022","277","12"
"2022","277","13"
"2022","277","14"
"2022","277","15"
"2022","277","16"
"2022","277","17"
"2022","277","18"
"2022","277","19"
"2022","277","20"
"2022","277","21"
"2022","277","22"
"2022","277","23"
"2022","278","00"
"2022","278","01"
"2022","278","02"
"2022","278","03"
"2022","278","04"
"2022","278","05"
"2022","278","06"
"2022","278","07"
"2022","278","08"
"2022","278","09"
"2022","278","10"
"2022","278","11"
"2022","278","12"
"2022","278","13"
"2022","278","14"
"2022","278","15"
"2022","278","16"
"2022","278","17"
"2022","278","18"
"2022","278","19"
"2022","278","20"
"2022","278","21"
"2022","278","22"
"2022","278","23"
"2022","279","00"
"2022","279","01"
"2022","279","02"
"2022","279","03"
"2022","279","04"
"2022","279","05"
"2022","279","06"
"2022","279","07"
"2022","279","08"
"2022","279","09"
"2022","279","10"
"2022","279","11"
"2022","279","12"
"2022","279","13"
"2022","279","14"
"2022","279","15"
"2022","279","16"
"2022","279","17"
"2022","279","18"
"2022","279","19"
"2022","279","20"
"2022","279","21"
"2022","279","22"
"2022","279","23"
"2022","280","00"
"2022","280","01"
"2022","280","02"
"2022","280","03"
"2022","280","04"
"2022","280","05"
"2022","280","06"
"2022","280","07"
"2022","280","08"
"2022","280","09"
"2022","280","10"
"2022","280","11"
"2022","280","12"
"2022","280","13"
"2022","280","14"
"2022","280","15"
"2022","280","16"
"2022","280","17"
"2022","280","18"
"2022","280","19"
"2022","280","20"
"2022","280","21"
"2022","280","22"
"2022","280","23"
"2022","281","00"
"2022","281","01"
"2022","281","02"
"2022","281","03"
"2022","281","04"
"2022","281","05"
"2022","281","06"
"2022","281","07"
"2022","281","08"
"2022","281","09"
"2022","281","10"
"2022","281","11"
"2022","281","12"
"2022","281","13"
"2022","281","14"
"2022","281","15"
"2022","281","16"
"2022","281","17"
"2022","281","18"
"2022","281","19"
"2022","281","20"
"2022","281","21"
"2022","281","22"
"2022","281","23"
"2022","282","00"
"2022","282","01"
"2022","282","02"
"2022","282","03"
"2022","282","04"
"2022","282","05"
"2022","282","06"
"2022","282","07"
"2022","282","08"
"2022","282","09"
"2022","282","10"
"2022","282","11"
"2022","282","12"
"2022","282","13"
"2022","282","14"
"2022","282","15"
"2022","282","16"
"2022","282","17"
"2022","282","18"
"2022","282","19"
"2022","282","20"
"2022","282","21"
"2022","282","22"
"2022","282","23"
"2022","283","00"
"2022","283","01"
"2022","283","02"
"2022","283","03"
"2022","283","04"
"2022","283","05"
"2022","283","06"
"2022","283","07"
"2022","283","08"
"2022","283","09"
"2022","283","10"
"2022","283","11"
"2022","283","12"
"2022","283","13"
"2022","283","14"
"2022","283","15"
"2022","283","16"
"2022","283","17"
"2022","283","18"
"2022","283","19"
"2022","283","20"
"2022","283","21"
"2022","283","22"
"2022","283","23"
"2022","284","00"
"2022","284","01"
"2022","284","02"
"2022","284","03"
"2022","284","04"
"2022","284","05"
"2022","284","06"
"2022","284","07"
"2022","284","08"
"2022","284","09"
"2022","284","10"
"2022","284","11"
"2022","284","12"
"2022","284","13"
"2022","286","16"
"2022","286","17"
"2022","286","18"
"2022","286","19"
"2022","286","20"
"2022","286","21"
"2022","286","22"
"2022","286","23"
"2022","287","00"
"2022","287","01"
"2022","287","02"
"2022","287","03"
"2022","287","04"
"2022","287","05"
"2022","287","06"
"2022","287","07"
"2022","287","08"
"2022","287","09"
"2022","287","10"
"2022","287","11"
"2022","287","12"
"2022","287","13"
"2022","287","14"
"2022","287","15"
"2022","287","16"
"2022","287","17"
"2022","287","18"
"2022","287","19"
"2022","287","20"
"2022","287","21"
"2022","287","22"
"2022","287","23"
"2022","288","00"
"2022","288","01"
"2022","288","02"
"2022","288","03"
"2022","288","04"
"2022","288","05"
"2022","288","06"
"2022","288","07"
"2022","288","08"
"2022","288","09"
"2022","288","10"
"2022","288","11"
"2022","288","12"
"2022","288","13"
"2022","288","14"
"2022","288","15"
"2022","288","16"
"2022","288","17"
"2022","288","18"
"2022","288","19"
"2022","288","20"
"2022","288","21"
"2022","288","22"
"2022","288","23"
"2022","289","00"
"2022","289","01"
"2022","289","02"
"2022","289","03"
"2022","289","04"
"2022","289","05"
"2022","289","06"
"2022","289","07"
"2022","289","08"
"2022","289","09"
"2022","289","10"
"2022","289","11"
"2022","289","12"
"2022","289","13"
"2022","289","14"
"2022","289","15"
"2022","289","16"
"2022","289","17"
"2022","289","18"
"2022","289","19"
"2022","289","20"
"2022","289","21"
"2022","289","22"
"2022","289","23"
"2022","290","00"
"2022","290","01"
"2022","290","02"
"2022","290","03"
"2022","290","04"
"2022","290","05"
"2022","290","06"
"2022","290","07"
"2022","290","08"
"2022","290","09"
"2022","290","10"
"2022","290","11"
"2022","290","12"
"2022","290","13"
"2022","290","14"
"2022","290","15"
"2022","290","16"
"2022","290","17"
"2022","290","18"
"2022","290","19"
"2022","290","20"
"2022","290","21"
"2022","290","22"
"2022","290","23"
"2022","291","00"
"2022","291","01"
"2022","291","02"
"2022","291","03"
"2022","291","04"
"2022","291","05"
"2022","291","06"
"2022","291","07"
"2022","291","08"
"2022","291","09"
"2022","291","10"
"2022","291","11"
"2022","291","12"
"2022","291","13"
"2022","291","14"
"2022","291","15"
"2022","291","16"
"2022","291","17"
"2022","291","18"
"2022","291","19"
"2022","291","20"
"2022","291","21"
"2022","291","22"
"2022","291","23"
"2022","292","00"
"2022","292","01"
"2022","292","02"
"2022","292","03"
"2022","292","04"
"2022","292","05"
"2022","292","06"
"2022","292","07"
"2022","292","08"
"2022","292","09"
"2022","292","10"
"2022","292","11"
"2022","292","12"
"2022","292","13"
"2022","292","14"
"2022","292","15"
"2022","292","16"
"2022","292","17"
"2022","292","18"
"2022","292","19"
"2022","292","20"
"2022","292","21"
"2022","292","22"
"2022","292","23"
"2022","293","00"
"2022","293","01"
"2022","293","02"
"2022","293","03"
"2022","293","04"
"2022","293","05"
"2022","293","06"
"2022","293","07"
"2022","293","08"
"2022","293","09"
"2022","293","10"
"2022","293","11"
"2022","293","12"
"2022","293","13"
"2022","293","14"
"2022","293","15"
"2022","293","16"
"2022","293","17"
"2022","293","18"
"2022","293","19"
"2022","293","20"
"2022","293","21"
"2022","293","22"
"2022","293","23"
"2022","294","00"
"2022","294","01"
"2022","294","02"
"2022","294","03"
"2022","294","04"
"2022","294","05"
"2022","294","06"
"2022","294","07"
"2022","294","08"
"2022","294","09"
"2022","294","10"
"2022","294","11"
"2022","294","12"
"2022","294","13"
"2022","294","14"
"2022","294","15"
"2022","294","16"
"2022","294","17"
"2022","294","18"
"2022","294","19"
"2022","294","20"
"2022","294","21"
"2022","294","22"
"2022","294","23"
"2022","295","00"
"2022","295","01"
"2022","295","02"
"2022","295","03"
"2022","295","04"
"2022","295","05"
"2022","295","06"
"2022","295","07"
"2022","295","08"
"2022","295","09"
"2022","295","10"
"2022","295","11"
"2022","295","12"
"2022","295","13"
"2022","295","14"
"2022","295","15"
"2022","295","16"
"2022","295","17"
"2022","295","18"
"2022","295","19"
"2022","295","20"
"2022","295","21"
"2022","295","22"
"2022","295","23"
"2022","296","00"
"2022","296","01"
"2022","296","02"
"2022","296","03"
"2022","296","04"
"2022","296","05"
"2022","296","06"
"2022","296","07"
"2022","296","08"
"2022","296","09"
"2022","296","10"
"2022","296","11"
"2022","296","12"
"2022","296","13"
"2022","296","14"
"2022","296","15"
"2022","296","16"
"2022","296","17"
"2022","296","18"
"2022","296","19"
"2022","296","20"
"2022","296","21"
"2022","296","22"
"2022","296","23"
"2022","297","00"
"2022","297","01"
"2022","297","02"
"2022","297","03"
"2022","297","04"
"2022","297","05"
"2022","297","06"
"2022","297","07"
"2022","297","08"
"2022","297","09"
"2022","297","10"
"2022","297","11"
"2022","297","12"
"2022","297","13"
"2022","297","14"
"2022","297","15"
"2022","297","16"
"2022","297","17"
"2022","297","18"
"2022","297","19"
"2022","297","20"
"2022","297","21"
"2022","297","22"
"2022","297","23"
"2022","298","00"
"2022","298","01"
"2022","298","02"
"2022","298","03"
"2022","298","04"
"2022","298","05"
"2022","298","06"
"2022","298","07"
"2022","298","08"
"2022","298","09"
"2022","298","10"
"2022","298","11"
"2022","298","12"
"2022","298","13"
"2022","298","14"
"2022","298","15"
"2022","298","16"
"2022","298","17"
"2022","298","18"
"2022","298","19"
"2022","298","20"
"2022","298","21"
"2022","298","22"
"2022","298","23"
"2022","299","00"
"2022","299","01"
"2022","299","02"
"2022","299","03"
"2022","299","04"
"2022","299","05"
"2022","299","06"
"2022","299","07"
"2022","299","08"
"2022","299","09"
"2022","299","10"
"2022","299","11"
"2022","299","12"
"2022","299","13"
"2022","299","14"
"2022","299","15"
"2022","299","16"
"2022","299","17"
"2022","299","18"
"2022","299","19"
"2022","299","20"
"2022","299","21"
"2022","299","22"
"2022","299","23"
"2022","300","00"
"2022","300","01"
"2022","300","02"
"2022","300","03"
"2022","300","04"
"2022","300","05"
"2022","300","06"
"2022","300","07"
"2022","300","08"
"2022","300","09"
"2022","300","10"
"2022","300","11"
"2022","300","12"
"2022","300","13"
"2022","300","14"
"2022","300","15"
"2022","300","16"
"2022","300","17"
"2022","300","18"
"2022","300","19"
"2022","300","20"
"2022","300","21"
"2022","300","22"
"2022","300","23"
"2022","301","00"
"2022","301","01"
"2022","301","02"
"2022","301","03"
"2022","301","04"
"2022","301","05"
"2022","301","06"
"2022","301","07"
"2022","301","08"
"2022","301","09"
"2022","301","10"
"2022","301","11"
"2022","301","12"
"2022","301","13"
"2022","301","14"
"2022","301","15"
"2022","301","16"
"2022","301","17"
"2022","301","18"
"2022","301","19"
"2022","301","20"
"2022","301","21"
"2022","301","22"
"2022","301","23"
"2022","302","00"
"2022","302","01"
"2022","302","02"
"2022","302","03"
"2022","302","04"
"2022","302","05"
"2022","302","06"
"2022","302","07"
"2022","302","08"
"2022","302","09"
"2022","302","10"
"2022","302","11"
"2022","302","12"
"2022","302","13"
"2022","302","14"
"2022","302","15"
"2022","302","16"
"2022","302","17"
"2022","302","18"
"2022","302","19"
"2022","302","20"
"2022","302","21"
"2022","302","22"
"2022","302","23"
"2022","303","00"
"2022","303","01"
"2022","303","02"
"2022","303","03"
"2022","303","04"
"2022","303","05"
"2022","303","06"
"2022","303","07"
"2022","303","08"
"2022","303","09"
"2022","303","10"
"2022","303","11"
"2022","303","12"
"2022","303","13"
"2022","303","14"
"2022","303","15"
"2022","303","16"
"2022","303","17"
"2022","303","18"
"2022","303","19"
"2022","303","20"
"2022","303","21"
"2022","303","22"
"2022","303","23"
"2022","304","00"
"2022","304","01"
"2022","304","02"
"2022","304","03"
"2022","304","04"
"2022","304","05"
"2022","304","06"
"2022","304","07"
"2022","304","08"
"2022","304","09"
"2022","304","10"
"2022","304","11"
"2022","304","12"
"2022","304","13"
"2022","304","14"
"2022","304","15"
"2022","304","16"
"2022","304","17"
"2022","304","18"
"2022","304","19"
"2022","304","20"
"2022","304","21"
"2022","304","22"
"2022","304","23"
"2022","305","00"
"2022","305","01"
"2022","305","02"
"2022","305","03"
"2022","305","04"
"2022","305","05"
"2022","305","06"
"2022","305","07"
"2022","305","08"
"2022","305","09"
"2022","305","10"
"2022","305","11"
"2022","305","12"
"2022","305","13"
"2022","305","14"
"2022","305","15"
"2022","305","16"
"2022","305","17"
"2022","305","18"
"2022","305","19"
"2022","305","20"
"2022","305","21"
"2022","305","22"
"2022","305","23"
"2022","306","00"
"2022","306","01"
"2022","306","02"
"2022","306","03"
"2022","306","04"
"2022","306","05"
"2022","306","06"
"2022","306","07"
"2022","306","08"
"2022","306","09"
"2022","306","10"
"2022","306","11"
"2022","306","12"
"2022","306","13"
"2022","306","14"
"2022","306","15"
"2022","306","16"
"2022","306","17"
"2022","306","18"
"2022","306","19"
"2022","306","20"
"2022","306","21"
"2022","306","22"
"2022","306","23"
"2022","307","00"
"2022","307","01"
"2022","307","02"
"2022","307","03"
"2022","307","04"
"2022","307","05"
"2022","307","06"
"2022","307","07"
"2022","307","08"
"2022","307","09"
"2022","307","10"
"2022","307","11"
"2022","307","12"
"2022","307","13"
"2022","307","14"
"2022","307","15"
"2022","307","16"
"2022","307","17"
"2022","307","18"
"2022","307","19"
"2022","307","20"
"2022","307","21"
"2022","307","22"
"2022","307","23"
"2022","308","00"
"2022","308","01"
"2022","308","02"
"2022","308","03"
"2022","308","04"
"2022","308","05"
"2022","308","06"
"2022","308","07"
"2022","308","08"
"2022","308","09"
"2022","308","10"
"2022","308","11"
"2022","308","12"
"2022","308","13"
"2022","308","14"
"2022","308","15"
"2022","308","16"
"2022","308","17"
"2022","308","18"
"2022","308","19"
"2022","308","20"
"2022","308","21"
"2022","308","22"
"2022","308","23"
"2022","309","00"
"2022","309","01"
"2022","309","02"
"2022","309","03"
"2022","309","04"
"2022","309","05"
"2022","309","06"
"2022","309","07"
"2022","309","08"
"2022","309","09"
"2022","309","10"
"2022","309","11"
"2022","309","12"
"2022","309","13"
"2022","309","14"
"2022","309","15"
"2022","309","16"
"2022","309","17"
"2022","309","18"
"2022","309","19"
"2022","309","20"
"2022","309","21"
"2022","309","22"
"2022","309","23"
"2022","310","00"
"2022","310","01"
"2022","310","02"
"2022","310","03"
"2022","310","04"
"2022","310","05"
"2022","310","06"
"2022","310","07"
"2022","310","08"
"2022","310","09"
"2022","310","10"
"2022","310","11"
"2022","310","12"
"2022","310","13"
"2022","310","14"
"2022","310","15"
"2022","310","16"
"2022","310","17"
"2022","310","18"
"2022","310","19"
"2022","310","20"
"2022","310","21"
"2022","310","22"
"2022","310","23"
"2022","311","00"
"2022","311","01"
"2022","311","02"
"2022","311","03"
"2022","311","04"
"2022","311","05"
"2022","311","06"
"2022","311","07"
"2022","311","08"
"2022","311","09"
"2022","311","10"
"2022","311","11"
"2022","311","12"
"2022","311","13"
"2022","311","14"
"2022","311","15"
"2022","311","16"
"2022","311","17"
"2022","311","18"
"2022","311","19"
"2022","312","01"
"2022","312","02"
"2022","312","03"
"2022","312","04"
"2022","312","05"
"2022","312","06"
"2022","312","07"
"2022","312","08"
"2022","312","09"
"2022","312","10"
"2022","312","11"
"2022","312","12"
"2022","312","13"
"2022","312","14"
"2022","312","15"
"2022","312","16"
"2022","312","17"
"2022","312","18"
"2022","312","19"
"2022","312","20"
"2022","312","21"
"2022","312","22"
"2022","312","23"
"2022","313","00"
"2022","313","01"
"2022","313","02"
"2022","313","03"
"2022","313","04"
"2022","313","05"
"2022","313","06"
"2022","313","07"
"2022","313","08"
"2022","313","09"
"2022","313","10"
"2022","313","11"
"2022","313","12"
"2022","313","13"
"2022","313","14"
"2022","313","15"
"2022","313","16"
"2022","313","17"
"2022","313","18"
"2022","313","19"
"2022","313","20"
"2022","313","21"
"2022","313","22"
"2022","313","23"
"2022","314","00"
"2022","314","01"
"2022","314","02"
"2022","314","03"
"2022","314","04"
"2022","314","05"
"2022","314","06"
"2022","314","07"
"2022","314","08"
"2022","314","09"
"2022","314","10"
"2022","314","11"
"2022","314","12"
"2022","314","13"
"2022","314","14"
"2022","314","15"
"2022","314","16"
"2022","314","17"
"2022","314","18"
"2022","314","19"
"2022","314","20"
"2022","314","21"
"2022","314","22"
"2022","314","23"
"2022","315","00"
"2022","315","01"
"2022","315","02"
"2022","315","03"
"2022","315","04"
"2022","315","05"
"2022","315","06"
"2022","315","07"
"2022","315","08"
"2022","315","09"
"2022","315","10"
"2022","315","11"
"2022","315","12"
"2022","315","13"
"2022","315","14"
"2022","315","15"
"2022","315","16"
"2022","315","17"
"2022","315","18"
"2022","315","19"
"2022","315","20"
"2022","315","21"
"2022","315","22"
"2022","315","23"
"2022","316","00"
"2022","316","01"
"2022","316","02"
"2022","316","03"
"2022","316","04"
"2022","316","05"
"2022","316","06"
"2022","316","07"
"2022","316","08"
"2022","316","09"
"2022","316","10"
"2022","316","11"
"2022","316","12"
"2022","316","13"
"2022","316","14"
"2022","316","15"
"2022","316","16"
"2022","316","17"
"2022","316","18"
"2022","316","19"
"2022","316","20"
"2022","316","21"
"2022","316","22"
"2022","316","23"
"2022","317","00"
"2022","317","01"
"2022","317","02"
"2022","317","03"
"2022","317","04"
"2022","317","05"
"2022","317","06"
"2022","317","07"
"2022","317","08"
"2022","317","09"
"2022","317","10"
"2022","317","11"
"2022","317","12"
"2022","317","13"
"2022","317","14"
"2022","317","15"
"2022","317","16"
"2022","317","17"
"2022","317","18"
"2022","317","19"
"2022","317","20"
"2022","317","21"
"2022","317","22"
"2022","317","23"
"2022","318","00"
"2022","318","01"
"2022","318","02"
"2022","318","03"
"2022","318","04"
"2022","318","05"
"2022","318","06"
"2022","318","07"
"2022","318","08"
"2022","318","09"
"2022","318","10"
"2022","318","11"
"2022","318","12"
"2022","318","13"
"2022","318","14"
"2022","318","15"
"2022","318","16"
"2022","318","17"
"2022","318","18"
"2022","318","19"
"2022","318","20"
"2022","318","21"
"2022","318","22"
"2022","318","23"
"2022","319","00"
"2022","319","01"
"2022","319","02"
"2022","319","03"
"2022","319","04"
"2022","319","05"
"2022","319","06"
"2022","319","07"
"2022","319","08"
"2022","319","09"
"2022","319","10"
"2022","319","11"
"2022","319","12"
"2022","319","13"
"2022","319","14"
"2022","319","15"
"2022","319","16"
"2022","319","17"
"2022","319","18"
"2022","319","19"
"2022","319","20"
"2022","319","21"
"2022","319","22"
"2022","319","23"
"2022","320","00"
"2022","320","01"
"2022","320","02"
"2022","320","03"
"2022","320","04"
"2022","320","05"
"2022","320","06"
"2022","320","07"
"2022","320","08"
"2022","320","09"
"2022","320","10"
"2022","320","11"
"2022","320","12"
"2022","320","13"
"2022","320","14"
"2022","320","15"
"2022","320","16"
"2022","320","21"
"2022","320","22"
"2022","320","23"
"2022","321","00"
"2022","321","01"
"2022","321","02"
"2022","321","03"
"2022","321","04"
"2022","321","05"
"2022","321","06"
"2022","321","07"
"2022","321","08"
"2022","321","09"
"2022","321","10"
"2022","321","11"
"2022","321","12"
"2022","321","13"
"2022","321","14"
"2022","321","15"
"2022","321","19"
"2022","321","20"
"2022","321","21"
"2022","321","22"
"2022","321","23"
"2022","322","00"
"2022","322","01"
"2022","322","02"
"2022","322","03"
"2022","322","04"
"2022","322","05"
"2022","322","06"
"2022","322","07"
"2022","322","08"
"2022","322","09"
"2022","322","10"
"2022","322","11"
"2022","322","12"
"2022","322","13"
"2022","322","14"
"2022","322","15"
"2022","322","16"
"2022","322","17"
"2022","322","18"
"2022","322","19"
"2022","322","20"
"2022","322","21"
"2022","322","22"
"2022","322","23"
"2022","323","00"
"2022","323","01"
"2022","323","02"
"2022","323","03"
"2022","323","04"
"2022","323","05"
"2022","323","06"
"2022","323","07"
"2022","323","08"
"2022","323","09"
"2022","323","10"
"2022","323","11"
"2022","323","12"
"2022","323","13"
"2022","323","14"
"2022","323","15"
"2022","323","16"
"2022","323","17"
"2022","323","18"
"2022","323","19"
"2022","323","20"
"2022","323","21"
"2022","323","22"
"2022","323","23"
"2022","324","00"
"2022","324","01"
"2022","324","02"
"2022","324","03"
"2022","324","04"
"2022","324","05"
"2022","324","06"
"2022","324","07"
"2022","324","08"
"2022","324","09"
"2022","324","10"
"2022","324","11"
"2022","324","12"
"2022","324","13"
"2022","324","14"
"2022","324","15"
"2022","324","16"
"2022","324","17"
"2022","324","18"
"2022","324","19"
"2022","324","20"
"2022","324","21"
"2022","324","22"
"2022","324","23"
"2022","325","00"
"2022","325","01"
"2022","325","02"
"2022","325","03"
"2022","325","04"
"2022","325","05"
"2022","325","06"
"2022","325","07"
"2022","325","08"
"2022","325","09"
"2022","325","10"
"2022","325","11"
"2022","325","12"
"2022","325","13"
"2022","325","14"
"2022","325","15"
"2022","325","16"
"2022","325","17"
"2022","325","18"
"2022","325","19"
"2022","325","20"
"2022","325","21"
"2022","325","22"
"2022","325","23"
"2022","326","00"
"2022","326","01"
"2022","326","02"
"2022","326","03"
"2022","326","04"
"2022","326","05"
"2022","326","06"
"2022","326","07"
"2022","326","08"
"2022","326","09"
"2022","326","10"
"2022","326","11"
"2022","326","12"
"2022","326","13"
"2022","326","14"
"2022","326","15"
"2022","326","16"
"2022","326","17"
"2022","326","18"
"2022","326","19"
"2022","326","20"
"2022","326","21"
"2022","326","22"
"2022","326","23"
"2022","327","00"
"2022","327","01"
"2022","327","02"
"2022","327","03"
"2022","327","04"
"2022","327","05"
"2022","327","06"
"2022","327","07"
"2022","327","08"
"2022","327","09"
"2022","327","10"
"2022","327","11"
"2022","327","12"
"2022","327","13"
"2022","327","14"
"2022","327","15"
"2022","327","16"
"2022","327","17"
"2022","327","18"
"2022","327","19"
"2022","327","20"
"2022","327","21"
"2022","327","22"
"2022","327","23"
"2022","328","00"
"2022","328","01"
"2022","328","02"
"2022","328","03"
"2022","328","04"
"2022","328","05"
"2022","328","06"
"2022","328","07"
"2022","328","08"
"2022","328","09"
"2022","328","10"
"2022","328","11"
"2022","328","12"
"2022","328","13"
"2022","328","14"
"2022","328","15"
"2022","328","16"
"2022","328","17"
"2022","328","18"
"2022","328","19"
"2022","328","20"
"2022","328","21"
"2022","328","22"
"2022","328","23"
"2022","329","00"
"2022","329","01"
"2022","329","02"
"2022","329","03"
"2022","329","04"
"2022","329","05"
"2022","329","06"
"2022","329","07"
"2022","329","08"
"2022","329","09"
"2022","329","10"
"2022","329","11"
"2022","329","12"
"2022","329","13"
"2022","329","14"
"2022","329","15"
"2022","329","16"
"2022","329","17"
"2022","329","18"
"2022","329","19"
"2022","329","20"
"2022","329","21"
"2022","329","22"
"2022","329","23"
"2022","330","00"
"2022","330","01"
"2022","330","02"
"2022","330","03"
"2022","330","04"
"2022","330","05"
"2022","330","06"
"2022","330","07"
"2022","330","08"
"2022","330","09"
"2022","330","10"
"2022","330","11"
"2022","330","12"
"2022","330","13"
"2022","330","14"
"2022","330","15"
"2022","330","16"
"2022","330","17"
"2022","330","18"
"2022","330","19"
"2022","330","20"
"2022","330","21"
"2022","330","22"
"2022","330","23"
"2022","331","00"
"2022","331","01"
"2022","331","02"
"2022","331","03"
"2022","331","04"
"2022","331","05"
"2022","331","06"
"2022","331","07"
"2022","331","08"
"2022","331","09"
"2022","331","10"
"2022","331","11"
"2022","331","12"
"2022","331","13"
"2022","331","14"
"2022","331","15"
"2022","331","16"
"2022","331","17"
"2022","331","18"
"2022","331","19"
"2022","331","20"
"2022","331","21"
"2022","331","22"
"2022","331","23"
"2022","332","00"
"2022","332","01"
"2022","332","02"
"2022","332","03"
"2022","332","04"
"2022","332","05"
"2022","332","06"
"2022","332","07"
"2022","332","08"
"2022","332","09"
"2022","332","10"
"2022","332","11"
"2022","332","12"
"2022","332","13"
"2022","332","14"
"2022","332","15"
"2022","332","16"
"2022","332","17"
"2022","332","18"
"2022","332","19"
"2022","332","20"
"2022","332","21"
"2022","332","22"
"2022","332","23"
"2022","333","00"
"2022","333","01"
"2022","333","02"
"2022","333","03"
"2022","333","04"
"2022","333","05"
"2022","333","06"
"2022","333","07"
"2022","333","08"
"2022","333","09"
"2022","333","10"
"2022","333","11"
"2022","333","12"
"2022","333","13"
"2022","333","14"
"2022","333","15"
"2022","333","16"
"2022","333","17"
"2022","333","18"
"2022","333","19"
"2022","333","20"
"2022","333","21"
"2022","333","22"
"2022","333","23"
"2022","334","00"
"2022","334","01"
"2022","334","02"
"2022","334","03"
"2022","334","04"
"2022","334","05"
"2022","334","06"
"2022","334","07"
"2022","334","08"
"2022","334","09"
"2022","334","10"
"2022","334","11"
"2022","334","12"
"2022","334","13"
"2022","334","14"
"2022","334","15"
"2022","334","17"
"2022","334","18"
"2022","334","19"
"2022","334","20"
"2022","334","21"
"2022","334","22"
"2022","334","23"
"2022","335","00"
"2022","335","01"
"2022","335","02"
"2022","335","03"
"2022","335","04"
"2022","335","05"
"2022","335","06"
"2022","335","07"
"2022","335","08"
"2022","335","09"
"2022","335","10"
"2022","335","11"
"2022","335","12"
"2022","335","13"
"2022","335","14"
"2022","335","15"
"2022","335","16"
"2022","335","17"
"2022","335","18"
"2022","335","19"
"2022","335","20"
"2022","335","21"
"2022","335","22"
"2022","335","23"
"2022","336","00"
"2022","336","01"
"2022","336","02"
"2022","336","03"
"2022","336","04"
"2022","336","05"
"2022","336","06"
"2022","336","07"
"2022","336","08"
"2022","336","09"
"2022","336","10"
"2022","336","11"
"2022","336","12"
"2022","336","13"
"2022","336","14"
"2022","336","15"
"2022","336","16"
"2022","336","17"
"2022","336","18"
"2022","336","19"
"2022","336","20"
"2022","336","21"
"2022","336","22"
"2022","336","23"
"2022","337","00"
"2022","337","01"
"2022","337","02"
"2022","337","03"
"2022","337","04"
"2022","337","05"
"2022","337","06"
"2022","337","07"
"2022","337","08"
"2022","337","09"
"2022","337","10"
"2022","337","11"
"2022","337","12"
"2022","337","13"
"2022","337","14"
"2022","337","15"
"2022","337","16"
"2022","337","17"
"2022","337","18"
"2022","337","19"
"2022","337","20"
"2022","337","21"
"2022","337","22"
"2022","337","23"
"2022","338","00"
"2022","338","01"
"2022","338","02"
"2022","338","03"
"2022","338","04"
"2022","338","05"
"2022","338","06"
"2022","338","07"
"2022","338","08"
"2022","338","09"
"2022","338","10"
"2022","338","11"
"2022","338","12"
"2022","338","13"
"2022","338","14"
"2022","338","15"
"2022","338","16"
"2022","338","17"
"2022","338","18"
"2022","338","19"
"2022","338","20"
"2022","338","21"
"2022","338","22"
"2022","338","23"
"2022","339","00"
"2022","339","01"
"2022","339","02"
"2022","339","03"
"2022","339","04"
"2022","339","05"
"2022","339","06"
"2022","339","07"
"2022","339","08"
"2022","339","09"
"2022","339","10"
"2022","339","11"
"2022","339","12"
"2022","339","13"
"2022","339","14"
"2022","339","15"
"2022","339","16"
"2022","339","17"
"2022","339","18"
"2022","339","19"
"2022","339","20"
"2022","339","21"
"2022","339","22"
"2022","339","23"
"2022","340","00"
"2022","340","01"
"2022","340","02"
"2022","340","03"
"2022","340","04"
"2022","340","05"
"2022","340","06"
"2022","340","07"
"2022","340","08"
"2022","340","09"
"2022","340","10"
"2022","340","11"
"2022","340","12"
"2022","340","13"
"2022","340","14"
"2022","340","15"
"2022","340","16"
"2022","340","17"
"2022","340","18"
"2022","340","19"
"2022","340","20"
"2022","340","21"
"2022","340","22"
"2022","340","23"
"2022","341","00"
"2022","341","01"
"2022","341","02"
"2022","341","03"
"2022","341","04"
"2022","341","05"
"2022","341","06"
"2022","341","07"
"2022","341","08"
"2022","341","09"
"2022","341","10"
"2022","341","11"
"2022","341","12"
"2022","341","13"
"2022","341","14"
"2022","341","15"
"2022","341","16"
"2022","341","17"
"2022","341","18"
"2022","341","19"
"2022","341","20"
"2022","341","21"
"2022","341","22"
"2022","341","23"
"2022","342","00"
"2022","342","01"
"2022","342","02"
"2022","342","03"
"2022","342","04"
"2022","342","05"
"2022","342","06"
"2022","342","07"
"2022","342","08"
"2022","342","09"
"2022","342","10"
"2022","342","11"
"2022","342","12"
"2022","342","13"
"2022","342","14"
"2022","342","15"
"2022","342","16"
"2022","342","17"
"2022","342","18"
"2022","342","19"
"2022","342","20"
"2022","342","21"
"2022","342","22"
"2022","342","23"
"2022","343","00"
"2022","343","01"
"2022","343","02"
"2022","343","03"
"2022","343","04"
"2022","343","05"
"2022","343","06"
"2022","343","07"
"2022","343","08"
"2022","343","09"
"2022","343","10"
"2022","343","11"
"2022","343","12"
"2022","343","13"
"2022","343","14"
"2022","343","15"
"2022","343","16"
"2022","343","17"
"2022","343","18"
"2022","343","19"
"2022","343","20"
"2022","343","21"
"2022","343","22"
"2022","343","23"
"2022","344","00"
"2022","344","01"
"2022","344","02"
"2022","344","03"
"2022","344","04"
"2022","344","05"
"2022","344","06"
"2022","344","07"
"2022","344","08"
"2022","344","09"
"2022","344","10"
"2022","344","11"
"2022","344","12"
"2022","344","13"
"2022","344","14"
"2022","344","15"
"2022","344","16"
"2022","344","17"
"2022","344","18"
"2022","344","19"
"2022","344","20"
"2022","344","21"
"2022","344","22"
"2022","344","23"
"2022","345","00"
"2022","345","01"
"2022","345","02"
"2022","345","03"
"2022","345","04"
"2022","345","05"
"2022","345","06"
"2022","345","07"
"2022","345","08"
"2022","345","09"
"2022","345","10"
"2022","345","11"
"2022","345","12"
"2022","345","13"
"2022","345","14"
"2022","345","15"
"2022","345","16"
"2022","345","17"
"2022","345","18"
"2022","345","19"
"2022","345","20"
"2022","345","21"
"2022","345","22"
"2022","345","23"
"2022","346","00"
"2022","346","01"
"2022","346","02"
"2022","346","03"
"2022","346","04"
"2022","346","05"
"2022","346","06"
"2022","346","07"
"2022","346","08"
"2022","346","09"
"2022","346","10"
"2022","346","11"
"2022","346","12"
"2022","346","13"
"2022","346","14"
"2022","346","15"
"2022","346","16"
"2022","346","17"
"2022","346","18"
"2022","346","19"
"2022","346","20"
"2022","346","21"
"2022","346","22"
"2022","346","23"
"2022","347","00"
"2022","347","01"
"2022","347","02"
"2022","347","03"
"2022","347","04"
"2022","347","05"
"2022","347","06"
"2022","347","07"
"2022","347","08"
"2022","347","09"
"2022","347","10"
"2022","347","11"
"2022","347","12"
"2022","347","13"
"2022","347","14"
"2022","347","15"
"2022","347","16"
"2022","347","17"
"2022","347","18"
"2022","347","19"
"2022","347","20"
"2022","347","21"
"2022","347","22"
"2022","347","23"
"2022","348","00"
"2022","348","01"
"2022","348","02"
"2022","348","03"
"2022","348","04"
"2022","348","05"
"2022","348","06"
"2022","348","07"
"2022","348","08"
"2022","348","09"
"2022","348","10"
"2022","348","11"
"2022","348","12"
"2022","348","13"
"2022","348","14"
"2022","348","15"
"2022","348","16"
"2022","348","17"
"2022","348","18"
"2022","348","19"
"2022","348","20"
"2022","348","21"
"2022","348","22"
"2022","348","23"
"2022","349","00"
"2022","349","01"
"2022","349","02"
"2022","349","03"
"2022","349","04"
"2022","349","05"
"2022","349","06"
"2022","349","07"
"2022","349","08"
"2022","349","09"
"2022","349","10"
"2022","349","11"
"2022","349","12"
"2022","349","13"
"2022","349","14"
"2022","349","15"
"2022","349","16"
"2022","349","17"
"2022","349","18"
"2022","349","19"
"2022","349","20"
"2022","349","21"
"2022","349","22"
"2022","349","23"
"2022","350","00"
"2022","350","01"
"2022","350","02"
"2022","350","03"
"2022","350","04"
"2022","350","05"
"2022","350","06"
"2022","350","07"
"2022","350","08"
"2022","350","09"
"2022","350","10"
"2022","350","11"
"2022","350","12"
"2022","350","13"
"2022","350","14"
"2022","350","15"
"2022","350","16"
"2022","350","17"
"2022","350","18"
"2022","350","19"
"2022","350","20"
"2022","350","21"
"2022","350","22"
"2022","350","23"
"2022","351","00"
"2022","351","01"
"2022","351","02"
"2022","351","03"
"2022","351","04"
"2022","351","05"
"2022","351","06"
"2022","351","07"
"2022","351","08"
"2022","351","09"
"2022","351","10"
"2022","351","11"
"2022","351","12"
"2022","351","13"
"2022","351","14"
"2022","351","15"
"2022","351","16"
"2022","351","17"
"2022","351","18"
"2022","351","19"
"2022","351","20"
"2022","351","21"
"2022","351","22"
"2022","351","23"
"2022","352","00"
"2022","352","01"
"2022","352","02"
"2022","352","03"
"2022","352","04"
"2022","352","05"
"2022","352","06"
"2022","352","07"
"2022","352","08"
"2022","352","09"
"2022","352","10"
"2022","352","11"
"2022","352","12"
"2022","352","13"
"2022","352","14"
"2022","352","15"
"2022","352","16"
"2022","352","17"
"2022","352","18"
"2022","352","19"
"2022","352","20"
"2022","352","21"
"2022","352","22"
"2022","352","23"
"2022","353","00"
"2022","353","01"
"2022","353","02"
"2022","353","03"
"2022","353","04"
"2022","353","05"
"2022","353","06"
"2022","353","07"
"2022","353","08"
"2022","353","09"
"2022","353","10"
"2022","353","11"
"2022","353","12"
"2022","353","13"
"2022","353","14"
"2022","353","15"
"2022","353","16"
"2022","353","17"
"2022","353","18"
"2022","353","19"
"2022","353","20"
"2022","353","21"
"2022","353","22"
"2022","353","23"
"2022","354","00"
"2022","354","01"
"2022","354","02"
"2022","354","03"
"2022","354","04"
"2022","354","05"
"2022","354","06"
"2022","354","07"
"2022","354","08"
"2022","354","09"
"2022","354","10"
"2022","354","11"
"2022","354","12"
"2022","354","13"
"2022","354","14"
"2022","354","15"
"2022","354","16"
"2022","354","17"
"2022","354","18"
"2022","354","19"
"2022","354","20"
"2022","354","21"
"2022","354","22"
"2022","354","23"
"2022","355","00"
"2022","355","01"
"2022","355","02"
"2022","355","03"
"2022","355","04"
"2022","355","05"
"2022","355","06"
"2022","355","07"
"2022","355","08"
"2022","355","09"
"2022","355","10"
"2022","355","11"
"2022","355","12"
"2022","355","13"
"2022","355","14"
"2022","355","15"
"2022","355","16"
"2022","355","17"
"2022","355","18"
"2022","355","19"
"2022","355","20"
"2022","355","21"
"2022","355","22"
"2022","355","23"
"2022","356","00"
"2022","356","01"
"2022","356","02"
"2022","356","03"
"2022","356","04"
"2022","356","05"
"2022","356","06"
"2022","356","07"
"2022","356","08"
"2022","356","09"
"2022","356","10"
"2022","356","11"
"2022","356","12"
"2022","356","13"
"2022","356","14"
"2022","356","15"
"2022","356","16"
"2022","356","17"
"2022","356","18"
"2022","356","19"
"2022","356","20"
"2022","356","21"
"2022","356","22"
"2022","356","23"
"2022","357","00"
"2022","357","01"
"2022","357","02"
"2022","357","03"
"2022","357","04"
"2022","357","05"
"2022","357","06"
"2022","357","07"
"2022","357","08"
"2022","357","09"
"2022","357","10"
"2022","357","11"
"2022","357","12"
"2022","357","13"
"2022","357","14"
"2022","357","15"
"2022","357","16"
"2022","357","17"
"2022","357","18"
"2022","357","19"
"2022","357","20"
"2022","357","21"
"2022","357","22"
"2022","357","23"
"2022","358","00"
"2022","358","01"
"2022","358","02"
"2022","358","03"
"2022","358","04"
"2022","358","05"
"2022","358","06"
"2022","358","07"
"2022","358","08"
"2022","358","09"
"2022","358","10"
"2022","358","11"
"2022","358","12"
"2022","358","13"
"2022","358","14"
"2022","358","15"
"2022","358","16"
"2022","358","17"
"2022","358","18"
"2022","358","19"
"2022","358","20"
"2022","358","21"
"2022","358","22"
"2022","358","23"
"2022","359","00"
"2022","359","01"
"2022","359","02"
"2022","359","03"
"2022","359","04"
"2022","359","05"
"2022","359","06"
"2022","359","07"
"2022","359","08"
"2022","359","09"
"2022","359","10"
"2022","359","11"
"2022","359","12"
"2022","359","13"
"2022","359","14"
"2022","359","15"
"2022","359","16"
"2022","359","17"
"2022","359","18"
"2022","359","19"
"2022","359","20"
"2022","359","21"
"2022","360","02"
"2022","360","03"
"2022","360","04"
"2022","360","05"
"2022","360","06"
"2022","360","07"
"2022","360","08"
"2022","360","09"
"2022","360","10"
"2022","360","11"
"2022","360","12"
"2022","360","13"
"2022","360","14"
"2022","360","15"
"2022","360","16"
"2022","360","17"
"2022","360","18"
"2022","360","19"
"2022","360","20"
"2022","360","21"
"2022","360","22"
"2022","360","23"
"2022","361","00"
"2022","361","01"
"2022","361","02"
"2022","361","03"
"2022","361","04"
"2022","361","05"
"2022","361","06"
"2022","361","07"
"2022","361","08"
"2022","361","09"
"2022","361","10"
"2022","361","11"
"2022","361","12"
"2022","361","13"
"2022","361","14"
"2022","361","15"
"2022","361","16"
"2022","361","17"
"2022","361","18"
"2022","361","19"
"2022","361","20"
"2022","361","21"
"2022","361","22"
"2022","361","23"
"2022","362","00"
"2022","362","01"
"2022","362","02"
"2022","362","03"
"2022","362","04"
"2022","362","05"
"2022","362","06"
"2022","362","07"
"2022","362","08"
"2022","362","09"
"2022","362","10"
"2022","362","11"
"2022","362","12"
"2022","362","13"
"2022","362","14"
"2022","362","15"
"2022","362","16"
"2022","362","17"
"2022","362","18"
"2022","362","19"
"2022","362","20"
"2022","362","21"
"2022","362","22"
"2022","362","23"
"2022","363","00"
"2022","363","01"
"2022","363","02"
"2022","363","03"
"2022","363","04"
"2022","363","05"
"2022","363","06"
"2022","363","07"
"2022","363","08"
"2022","363","09"
"2022","363","10"
"2022","363","11"
"2022","363","12"
"2022","363","13"
"2022","363","14"
"2022","363","15"
"2022","363","16"
"2022","363","17"
"2022","363","18"
"2022","363","19"
"2022","363","20"
"2022","363","21"
"2022","363","22"
"2022","363","23"
"2022","364","00"
"2022","364","01"
"2022","364","02"
"2022","364","03"
"2022","364","04"
"2022","364","05"
"2022","364","06"
"2022","364","07"
"2022","364","08"
"2022","364","09"
"2022","364","10"
"2022","364","11"
"2022","364","12"
"2022","364","13"
"2022","364","14"
"2022","364","15"
"2022","364","16"
"2022","364","17"
"2022","364","18"
"2022","364","19"
"2022","364","20"
"2022","364","21"
"2022","364","22"
"2022","364","23"
"2022","365","00"
"2022","365","01"
"2022","365","02"
"2022","365","03"
"2022","365","04"
"2022","365","05"
"2022","365","06"
"2022","365","07"
"2022","365","08"
"2022","365","09"
"2022","365","10"
"2022","365","11"
"2022","365","12"
"2022","365","13"
"2022","365","14"
"2022","365","15"
"2022","365","16"
"2022","365","17"
"2022","365","18"
"2022","365","19"
"2022","365","20"
"2022","365","21"
"2022","365","22"
"2022","365","23"
"2023","001","00"
"2023","001","01"
"2023","001","02"
"2023","001","03"
"2023","001","04"
"2023","001","05"
"2023","001","06"
"2023","001","07"
"2023","001","08"
"2023","001","09"
"2023","001","10"
"2023","001","11"
"2023","001","12"
"2023","001","13"
"2023","001","14"
"2023","001","15"
"2023","001","16"
"2023","001","17"
"2023","001","18"
"2023","001","19"
"2023","001","20"
"2023","001","21"
"2023","001","22"
"2023","001","23"
"2023","002","00"
"2023","002","01"
"2023","002","02"
"2023","002","03"
"2023","002","04"
"2023","002","05"
"2023","002","06"
"2023","002","07"
"2023","002","08"
"2023","002","09"
"2023","002","10"
"2023","002","11"
"2023","002","12"
"2023","002","13"
"2023","002","14"
"2023","002","15"
"2023","003","17"
"2023","003","18"
"2023","003","19"
"2023","003","20"
"2023","003","21"
"2023","003","22"
"2023","003","23"
"2023","004","00"
"2023","004","01"
"2023","004","02"
"2023","004","03"
"2023","004","04"
"2023","004","05"
"2023","004","06"
"2023","004","07"
"2023","004","08"
"2023","004","09"
"2023","004","10"
"2023","004","11"
"2023","004","12"
"2023","004","13"
"2023","004","14"
"2023","004","15"
"2023","004","16"
"2023","004","17"
"2023","004","18"
"2023","004","19"
"2023","004","20"
"2023","004","21"
"2023","004","22"
"2023","004","23"
"2023","005","00"
"2023","005","01"
"2023","005","02"
"2023","005","03"
"2023","005","04"
"2023","005","05"
"2023","005","06"
"2023","005","07"
"2023","005","08"
"2023","005","09"
"2023","005","10"
"2023","005","11"
"2023","005","12"
"2023","005","13"
"2023","005","14"
"2023","005","15"
"2023","005","16"
"2023","005","17"
"2023","005","18"
"2023","005","19"
"2023","005","20"
"2023","005","21"
"2023","005","22"
"2023","005","23"
"2023","006","00"
"2023","006","01"
"2023","006","02"
"2023","006","03"
"2023","006","04"
"2023","006","05"
"2023","006","06"
"2023","006","07"
"2023","006","08"
"2023","006","09"
"2023","006","10"
"2023","006","11"
"2023","006","12"
"2023","006","13"
"2023","006","14"
"2023","006","15"
"2023","006","16"
"2023","006","17"
"2023","006","18"
"2023","006","19"
"2023","006","20"
"2023","006","21"
"2023","006","22"
"2023","006","23"
"2023","007","00"
"2023","007","01"
"2023","007","02"
"2023","007","03"
"2023","007","04"
"2023","007","05"
"2023","007","06"
"2023","007","07"
"2023","007","08"
"2023","007","09"
"2023","007","10"
"2023","007","11"
"2023","007","12"
"2023","007","13"
"2023","007","14"
"2023","007","15"
"2023","007","16"
"2023","007","17"
"2023","007","18"
"2023","007","19"
"2023","007","20"
"2023","007","21"
"2023","007","22"
"2023","007","23"
"2023","008","00"
"2023","008","01"
"2023","008","02"
"2023","008","03"
"2023","008","04"
"2023","008","05"
"2023","008","06"
"2023","008","07"
"2023","008","08"
"2023","008","09"
"2023","008","10"
"2023","008","11"
"2023","008","12"
"2023","008","13"
"2023","008","14"
"2023","008","15"
"2023","008","16"
"2023","008","17"
"2023","008","18"
"2023","008","19"
"2023","008","20"
"2023","008","21"
"2023","008","22"
"2023","008","23"
"2023","009","00"
"2023","009","01"
"2023","009","02"
"2023","009","03"
"2023","009","04"
"2023","009","05"
"2023","009","06"
"2023","009","07"
"2023","009","08"
"2023","009","09"
"2023","009","10"
"2023","009","11"
"2023","009","12"
"2023","009","13"
"2023","009","14"
"2023","009","15"
"2023","009","16"
"2023","009","17"
"2023","009","18"
"2023","009","19"
"2023","009","20"
"2023","009","21"
"2023","009","22"
"2023","009","23"
"2023","010","00"
"2023","010","01"
"2023","010","02"
"2023","010","03"
"2023","010","04"
"2023","010","05"
"2023","010","06"
"2023","010","07"
"2023","010","08"
"2023","010","09"
"2023","010","10"
"2023","010","11"
"2023","010","12"
"2023","010","13"
"2023","010","14"
"2023","010","15"
"2023","010","16"
"2023","010","17"
"2023","010","18"
"2023","010","19"
"2023","010","20"
"2023","010","21"
"2023","010","22"
"2023","010","23"
"2023","011","00"
"2023","011","01"
"2023","011","02"
"2023","011","03"
"2023","011","04"
"2023","011","05"
"2023","011","06"
"2023","011","07"
"2023","011","08"
"2023","011","09"
"2023","011","10"
"2023","011","11"
"2023","011","12"
"2023","011","13"
"2023","011","14"
"2023","011","15"
"2023","011","16"
"2023","011","17"
"2023","011","18"
"2023","011","19"
"2023","011","20"
"2023","011","21"
"2023","011","22"
"2023","011","23"
"2023","012","00"
"2023","012","01"
"2023","012","02"
"2023","012","03"
"2023","012","04"
"2023","012","05"
"2023","012","06"
"2023","012","07"
"2023","012","08"
"2023","012","09"
"2023","012","10"
"2023","012","11"
"2023","012","12"
"2023","012","13"
"2023","012","14"
"2023","012","15"
"2023","012","16"
"2023","012","17"
"2023","012","18"
"2023","012","19"
"2023","012","20"
"2023","012","21"
"2023","012","22"
"2023","012","23"
"2023","013","00"
"2023","013","01"
"2023","013","02"
"2023","013","03"
"2023","013","04"
"2023","013","05"
"2023","013","06"
"2023","013","07"
"2023","013","08"
"2023","013","09"
"2023","013","10"
"2023","013","11"
"2023","013","12"
"2023","013","13"
"2023","013","14"
"2023","013","15"
"2023","013","16"
"2023","013","17"
"2023","013","18"
"2023","013","19"
"2023","013","20"
"2023","013","21"
"2023","013","22"
"2023","013","23"
"2023","014","00"
"2023","014","01"
"2023","014","02"
"2023","014","03"
"2023","014","04"
"2023","014","05"
"2023","014","06"
"2023","014","07"
"2023","014","08"
"2023","014","09"
"2023","014","10"
"2023","014","11"
"2023","014","12"
"2023","014","13"
"2023","014","14"
"2023","014","15"
"2023","014","16"
"2023","014","17"
"2023","014","18"
"2023","014","19"
"2023","014","20"
"2023","014","21"
"2023","014","22"
"2023","014","23"
"2023","015","00"
"2023","015","01"
"2023","015","02"
"2023","015","03"
"2023","015","04"
"2023","015","05"
"2023","015","06"
"2023","015","07"
"2023","015","08"
"2023","015","09"
"2023","015","10"
"2023","015","11"
"2023","015","12"
"2023","015","13"
"2023","015","14"
"2023","015","15"
"2023","015","16"
"2023","015","17"
"2023","015","18"
"2023","015","19"
"2023","015","20"
"2023","015","21"
"2023","015","22"
"2023","015","23"
"2023","016","00"
"2023","016","01"
"2023","016","02"
"2023","016","03"
"2023","016","04"
"2023","016","05"
"2023","016","06"
"2023","016","07"
"2023","016","08"
"2023","016","09"
"2023","016","10"
"2023","016","11"
"2023","016","12"
"2023","016","13"
"2023","016","14"
"2023","016","15"
"2023","016","16"
"2023","016","17"
"2023","016","18"
"2023","016","19"
"2023","016","20"
"2023","016","21"
"2023","016","22"
"2023","016","23"
"2023","017","00"
"2023","017","01"
"2023","017","02"
"2023","017","03"
"2023","017","04"
"2023","017","05"
"2023","017","06"
"2023","017","07"
"2023","017","08"
"2023","017","09"
"2023","017","10"
"2023","017","11"
"2023","017","12"
"2023","017","13"
"2023","017","14"
"2023","017","15"
"2023","017","16"
"2023","017","17"
"2023","017","18"
"2023","017","19"
"2023","017","20"
"2023","017","21"
"2023","017","22"
"2023","017","23"
"2023","018","00"
"2023","018","01"
"2023","018","02"
"2023","018","03"
"2023","018","04"
"2023","018","05"
"2023","018","06"
"2023","018","07"
"2023","018","08"
"2023","018","09"
"2023","018","10"
"2023","018","11"
"2023","018","12"
"2023","018","13"
"2023","018","14"
"2023","018","15"
"2023","018","16"
"2023","018","17"
"2023","018","18"
"2023","018","19"
"2023","018","20"
"2023","018","21"
"2023","018","22"
"2023","018","23"
"2023","019","00"
"2023","019","01"
"2023","019","02"
"2023","019","03"
"2023","019","04"
"2023","019","05"
"2023","019","06"
"2023","019","07"
"2023","019","08"
"2023","019","09"
"2023","019","10"
"2023","019","11"
"2023","019","12"
"2023","019","13"
"2023","019","14"
"2023","019","15"
"2023","019","16"
"2023","019","17"
"2023","019","18"
"2023","019","19"
"2023","019","20"
"2023","019","21"
"2023","019","22"
"2023","019","23"
"2023","020","00"
"2023","020","01"
"2023","020","02"
"2023","020","03"
"2023","020","04"
"2023","020","05"
"2023","020","06"
"2023","020","07"
"2023","020","08"
"2023","020","09"
"2023","020","10"
"2023","020","11"
"2023","020","12"
"2023","020","13"
"2023","020","14"
"2023","020","15"
"2023","020","16"
"2023","020","17"
"2023","020","18"
"2023","020","19"
"2023","020","20"
"2023","020","21"
"2023","020","22"
"2023","020","23"
"2023","021","00"
"2023","021","01"
"2023","021","02"
"2023","021","03"
"2023","021","04"
"2023","021","05"
"2023","021","06"
"2023","021","07"
"2023","021","08"
"2023","021","09"
"2023","021","10"
"2023","021","11"
"2023","021","12"
"2023","021","13"
"2023","021","14"
"2023","021","15"
"2023","021","16"
"2023","021","17"
"2023","021","18"
"2023","021","19"
"2023","021","20"
"2023","021","21"
"2023","021","22"
"2023","021","23"
"2023","022","00"
"2023","022","01"
"2023","022","02"
"2023","022","03"
"2023","022","04"
"2023","022","05"
"2023","022","06"
"2023","022","07"
"2023","022","08"
"2023","022","09"
"2023","022","10"
"2023","022","11"
"2023","022","12"
"2023","022","13"
"2023","022","14"
"2023","022","15"
"2023","022","16"
"2023","022","17"
"2023","022","18"
"2023","022","19"
"2023","022","20"
"2023","022","21"
"2023","022","22"
"2023","022","23"
"2023","023","00"
"2023","023","01"
"2023","023","02"
"2023","023","03"
"2023","023","04"
"2023","023","05"
"2023","023","06"
"2023","023","07"
"2023","023","08"
"2023","023","09"
"2023","023","10"
"2023","023","11"
"2023","023","12"
"2023","023","13"
"2023","023","14"
"2023","023","15"
"2023","023","16"
"2023","023","17"
"2023","023","18"
"2023","023","19"
"2023","023","20"
"2023","023","21"
"2023","023","22"
"2023","023","23"
"2023","024","00"
"2023","024","01"
"2023","024","02"
"2023","024","03"
"2023","024","04"
"2023","024","05"
"2023","024","06"
"2023","024","07"
"2023","024","08"
"2023","024","09"
"2023","024","10"
"2023","024","11"
"2023","024","12"
"2023","024","13"
"2023","024","14"
"2023","024","15"
"2023","024","16"
"2023","024","17"
"2023","024","18"
"2023","024","19"
"2023","024","20"
"2023","024","21"
"2023","024","22"
"2023","024","23"
"2023","025","00"
"2023","025","01"
"2023","025","02"
"2023","025","03"
"2023","025","04"
"2023","025","05"
"2023","025","06"
"2023","025","07"
"2023","025","08"
"2023","025","09"
"2023","025","10"
"2023","025","11"
"2023","025","12"
"2023","025","13"
"2023","025","14"
"2023","025","15"
"2023","025","16"
"2023","025","17"
"2023","025","18"
"2023","025","19"
"2023","025","20"
"2023","025","21"
"2023","025","22"
"2023","025","23"
"2023","026","00"
"2023","026","01"
"2023","026","02"
"2023","026","03"
"2023","026","04"
"2023","026","05"
"2023","026","06"
"2023","026","07"
"2023","026","08"
"2023","026","09"
"2023","026","10"
"2023","026","11"
"2023","026","12"
"2023","026","13"
"2023","026","14"
"2023","026","15"
"2023","026","16"
"2023","026","17"
"2023","026","18"
"2023","026","19"
"2023","026","20"
"2023","026","21"
"2023","026","22"
"2023","026","23"
"2023","027","00"
"2023","027","01"
"2023","027","02"
"2023","027","03"
"2023","027","04"
"2023","027","05"
"2023","027","06"
"2023","027","07"
"2023","027","08"
"2023","027","09"
"2023","027","10"
"2023","027","11"
"2023","027","12"
"2023","027","13"
"2023","027","14"
"2023","027","15"
"2023","027","16"
"2023","027","17"
"2023","027","18"
"2023","027","19"
"2023","027","20"
"2023","027","21"
"2023","027","22"
"2023","027","23"
"2023","028","00"
"2023","028","01"
"2023","028","02"
"2023","028","03"
"2023","028","04"
"2023","028","05"
"2023","028","06"
"2023","028","07"
"2023","028","08"
"2023","028","09"
"2023","028","10"
"2023","028","11"
"2023","028","12"
"2023","028","13"
"2023","028","14"
"2023","028","15"
"2023","028","16"
"2023","028","17"
"2023","028","18"
"2023","028","19"
"2023","028","20"
"2023","028","21"
"2023","028","22"
"2023","028","23"
"2023","029","00"
"2023","029","01"
"2023","029","02"
"2023","029","03"
"2023","029","04"
"2023","029","05"
"2023","029","06"
"2023","029","07"
"2023","029","08"
"2023","029","09"
"2023","029","10"
"2023","029","11"
"2023","029","12"
"2023","029","13"
"2023","029","14"
"2023","029","15"
"2023","029","16"
"2023","029","17"
"2023","029","18"
"2023","029","19"
"2023","029","20"
"2023","029","21"
"2023","029","22"
"2023","029","23"
"2023","030","00"
"2023","030","01"
"2023","030","02"
"2023","030","03"
"2023","030","04"
"2023","030","05"
"2023","030","06"
"2023","030","07"
"2023","030","08"
"2023","030","09"
"2023","030","10"
"2023","030","11"
"2023","030","12"
"2023","030","13"
"2023","030","14"
"2023","030","15"
"2023","030","16"
"2023","030","17"
"2023","030","18"
"2023","030","19"
"2023","030","20"
"2023","030","21"
"2023","030","22"
"2023","030","23"
"2023","031","00"
"2023","031","01"
"2023","031","02"
"2023","031","03"
"2023","031","04"
"2023","031","05"
"2023","031","06"
"2023","031","07"
"2023","031","08"
"2023","031","09"
"2023","031","10"
"2023","031","11"
"2023","031","12"
"2023","031","13"
"2023","031","14"
"2023","031","15"
"2023","031","16"
"2023","031","17"
"2023","031","18"
"2023","031","19"
"2023","031","20"
"2023","031","21"
"2023","031","22"
"2023","031","23"
"2023","032","00"
"2023","032","01"
"2023","032","02"
"2023","032","03"
"2023","032","04"
"2023","032","05"
"2023","032","06"
"2023","032","07"
"2023","032","08"
"2023","032","09"
"2023","032","10"
"2023","032","11"
"2023","032","12"
"2023","032","13"
"2023","032","14"
"2023","032","15"
"2023","032","16"
"2023","032","17"
"2023","032","18"
"2023","032","19"
"2023","032","20"
"2023","032","21"
"2023","032","22"
"2023","032","23"
"2023","033","00"
"2023","033","01"
"2023","033","02"
"2023","033","03"
"2023","033","04"
"2023","033","05"
"2023","033","06"
"2023","033","07"
"2023","033","08"
"2023","033","09"
"2023","033","10"
"2023","033","11"
"2023","033","12"
"2023","033","13"
"2023","033","14"
"2023","033","15"
"2023","033","16"
"2023","033","17"
"2023","033","18"
"2023","033","19"
"2023","033","20"
"2023","033","21"
"2023","033","22"
"2023","033","23"
"2023","034","00"
"2023","034","01"
"2023","034","02"
"2023","034","03"
"2023","034","04"
"2023","034","05"
"2023","034","06"
"2023","034","07"
"2023","034","08"
"2023","034","09"
"2023","034","10"
"2023","034","11"
"2023","034","12"
"2023","034","13"
"2023","034","14"
"2023","034","15"
"2023","034","16"
"2023","034","17"
"2023","034","18"
"2023","034","19"
"2023","034","20"
"2023","034","21"
"2023","034","22"
"2023","034","23"
"2023","035","00"
"2023","035","01"
"2023","035","02"
"2023","035","03"
"2023","035","04"
"2023","035","05"
"2023","035","06"
"2023","035","07"
"2023","035","08"
"2023","035","09"
"2023","035","10"
"2023","035","11"
"2023","035","12"
"2023","035","13"
"2023","035","14"
"2023","035","15"
"2023","035","16"
"2023","035","17"
"2023","035","18"
"2023","035","19"
"2023","035","20"
"2023","035","21"
"2023","035","22"
"2023","035","23"
"2023","036","00"
"2023","036","01"
"2023","036","02"
"2023","036","03"
"2023","036","04"
"2023","036","05"
"2023","036","06"
"2023","036","07"
"2023","036","08"
"2023","036","09"
"2023","036","10"
"2023","036","11"
"2023","036","12"
"2023","036","13"
"2023","036","14"
"2023","036","15"
"2023","036","16"
"2023","036","17"
"2023","036","18"
"2023","036","19"
"2023","036","20"
"2023","036","21"
"2023","036","22"
"2023","036","23"
"2023","037","00"
"2023","037","01"
"2023","037","02"
"2023","037","03"
"2023","037","04"
"2023","037","05"
"2023","037","06"
"2023","037","07"
"2023","037","08"
"2023","037","09"
"2023","037","10"
"2023","037","11"
"2023","037","12"
"2023","037","13"
"2023","037","14"
"2023","037","15"
"2023","037","16"
"2023","037","17"
"2023","037","18"
"2023","037","19"
"2023","037","20"
"2023","037","21"
"2023","037","22"
"2023","037","23"
"2023","038","00"
"2023","038","01"
"2023","038","02"
"2023","038","03"
"2023","038","04"
"2023","038","05"
"2023","038","06"
"2023","038","07"
"2023","038","08"
"2023","038","09"
"2023","038","10"
"2023","038","11"
"2023","038","12"
"2023","038","13"
"2023","038","14"
"2023","038","15"
"2023","038","16"
"2023","038","17"
"2023","038","18"
"2023","038","19"
"2023","038","20"
"2023","038","21"
"2023","038","22"
"2023","038","23"
"2023","039","00"
"2023","039","01"
"2023","039","02"
"2023","039","03"
"2023","039","04"
"2023","039","05"
"2023","039","06"
"2023","039","07"
"2023","039","08"
"2023","039","09"
"2023","039","10"
"2023","039","11"
"2023","039","12"
"2023","039","13"
"2023","039","14"
"2023","039","15"
"2023","039","16"
"2023","039","17"
"2023","039","18"
"2023","039","19"
"2023","039","20"
"2023","039","21"
"2023","039","22"
"2023","039","23"
